	1996	1997	1998	1999	2000	2001	2002	2003	2004	2005	2006	2007	2008	2009	2010	2011	2012	2013	2014	2015	2016	2017	2018	2019	2020	2021	2022
H	68.19796230523941	68.37433859208505	69.79412839566331	66.09858672795735	80.18057696542613	81.68444720853466	83.58272162619988	84.44118311131182	84.55410036997526	86.03593410572049	86.86340567028351	87.68854641898234	76.33628007727886	75.9643005546422	78.87840067533864	81.70752581829247	77.89212495932314	82.50688475340066	81.71646232591358	82.47636267751534	84.40980408096902	84.70615411268744	84.3671679197995	86.99882075471697	85.50228310502284	85.08611129970353	86.12283741245943
O	46.273299976667616	44.50513276925703	46.48800097454014	44.92884737639982	55.46012870390761	56.00153088073482	57.112271786184834	57.58184691804019	57.527748144449234	59.144188993482985	58.833566678333916	60.0947370718823	51.84513006654568	52.345937742768875	54.63144161774299	55.90825234409175	54.80800520663847	58.71818409413335	58.727702484398115	57.97641918107508	59.84269571579547	59.93763113823173	60.52005012531328	61.91880053908356	60.6573619367623	59.85470839839772	60.08394133866914
N	41.567936121120994	40.89634488308015	43.7495431843099	40.811286615482416	52.337957865374726	55.355690570731475	56.43233578016187	58.570783472567165	59.28683296638446	60.96804851556843	62.65313265663283	65.67636593831175	56.89752746716624	58.739679499918694	60.47158589463183	63.40744403659255	62.60982753010088	67.25861637319535	67.15867158671587	68.15082683542396	70.20364198032681	70.98500452366744	70.34878863826233	73.07951482479784	72.4153528043422	72.0347613551497	72.93867889997804
P	22.746480698934487	23.771671015093514	23.85186989889146	21.707662966404225	26.949521642320583	25.69966033583696	26.66337285902503	25.40076766764507	25.916426447556574	25.629073135409126	26.35850542527126	25.559363471655278	21.111176160646334	21.600332423985115	21.768159318521928	22.83230947716769	21.4753498210218	23.092714679128765	22.716683388032035	22.509134742155425	23.280627591252745	22.627962039692775	22.43734335839599	22.881570080862534	22.098733522874127	22.642406137551767	21.50508772357922
Cl	16.153786327223706	17.392894589256542	18.723352418077717	16.22084209496797	21.752428491032322	22.48002679041286	23.056653491436098	24.24249266200045	22.31654447647366	22.893283852280955	23.193034651732585	24.391521686931085	20.56671155084597	20.987877364455926	21.056367752580485	21.10348237889652	21.402131467621217	23.019277309521826	23.92232217253048	23.243681018570836	23.7114868709861	23.309399603457237	24.477861319966582	24.829430592991912	24.23752907728095	24.47326136646525	24.640687147702593
S	12.202836180748191	12.308892736095194	12.863929833110003	12.30622524328818	14.678607257334411	14.875855140410469	15.70910973084886	15.400767667645066	16.20854801734117	17.371922519913106	16.859905495274763	16.9347973194211	14.238042269187986	13.987100504055933	15.298722228617475	15.800985184199016	15.721607549625775	16.5501126596011	16.897648239155203	16.534825027310056	16.45597918868385	16.593197174151573	17.24310776942356	18.19617587601078	17.095287326613253	16.661008894018604	17.769210121763745
F	11.16843387861976	10.897076394138159	11.782190278962116	10.995647708934422	13.479654505860186	13.371286418217482	14.330415960850743	14.425378189207496	14.669632521506232	14.491310644460537	14.420721036051804	14.68861190543756	12.073844232382958	12.820003251973766	13.867464794136833	14.4164019855836	14.967051740969737	17.160978052240676	16.54905028312956	17.450182694843107	18.46597837574181	18.94935417428632	18.37719298245614	19.57547169811321	19.27716033428104	19.84520334034897	20.1825236085015
Fe	8.435952609338138	9.399917095413425	8.363990741868681	9.61660716905472	8.967677212557195	11.577285557097067	9.91906644080557	10.44479566493565	10.379735342851307	10.1217414916727	10.34739236961848	11.030101940581956	9.611068828913218	9.33316471247132	9.886420321553278	10.591681089408318	9.286527822974293	11.267629141283484	10.92557008519394	10.739443251591517	10.850743841964068	11.821209262930951	11.530910609857978	11.377611185983827	10.713362626001551	11.258967569647181	11.141748615211927
Ru	7.538952116765612	8.575747970056815	7.979047387014253	7.643405545503447	10.169076806381366	8.37918002200641	8.8085827216262	9.963874463761572	10.243548130830515	10.320872556118754	10.607717885894296	10.910043439348629	9.431532111703062	8.52920453108345	7.670465446452554	8.704996291295004	8.5624796615685	8.727363765334223	9.085653068512253	8.110144272422495	9.243150963336314	7.865406456332172	7.52297410192147	7.974646226415095	7.775480313603859	7.2102654626926475	6.642102437715039
B	7.240816114899022	7.412645387822779	7.918138628334755	6.349943762531176	8.057451858376764	9.304884466344545	8.780350084697911	8.21404380221269	8.541207980570624	8.573950036205648	8.33479173958698	7.858374626181484	6.55699315028394	6.867084605517515	7.0737884194773795	6.881074193118926	7.454035144809633	7.966285571225903	7.301851820361521	7.400082871887595	7.507519713844403	8.055977978401895	7.623224728487886	7.513477088948788	7.577324028603429	8.16303437662661	7.886581586588908
Si	5.501257356181785	5.188851771475946	6.008039956145693	6.012518949581887	5.3267757958354744	5.738410754437162	6.194711086015434	6.098442086249718	5.517851873709058	5.231716147719044	4.869618480924046	5.35460915500644	4.48061198602736	4.272732199960254	5.068876865814819	4.380075695619924	4.047347868532379	4.421263456563465	4.3957352015916475	4.885674464157909	4.676449069181367	4.991433906331209	4.2105263157894735	4.778049191374663	4.61359524424916	5.3839364518976165	5.207291183719284
Pd	4.881652969693827	4.752383506864012	5.028627116579364	4.479436647268815	5.341456849935159	5.810170788881979	6.70995670995671	6.285843305486566	5.411171890959439	6.283942795076032	6.387819390969549	5.891598087795508	5.585153094081143	5.649401094831168	5.126434135297955	6.276269993723731	5.127318581191019	5.779854794291913	5.932967163773021	5.390439597694654	4.94065523128201	5.051107817282334	5.511695906432749	5.487702156334231	5.205910226587404	4.777423224025166	5.048681096117713
Pt	4.30612086174267	4.552437151008266	4.638811061030576	4.05887818475231	5.710930044777215	4.992106396211071	5.980613589309241	5.378189207496049	4.920897927684591	5.618664011585808	5.80154007700385	5.28912269978826	5.003610249204769	5.006232949720872	4.940332297302483	4.71481009528519	5.509681093394078	5.42101310189435	4.642304487561004	4.981730515689155	4.430534102918462	4.084775452847985	4.2710944026733495	4.502190026954178	4.189282329628672	4.428904428904429	4.265391278885337
Co	4.070204547222151	4.2647094681914615	4.292849311731027	3.655435473617292	4.423890968704886	5.071042434100368	5.152456239412761	5.567848272747799	5.025308123567197	4.627534395365677	4.773363668183409	5.18652725327978	4.057139511738188	3.996314429730267	4.468362687540769	4.383879495616121	4.624959323136999	4.523074355336727	4.426343802608533	4.220815911402418	4.814649215510934	5.0934570444089395	5.520050125313284	5.247641509433962	5.780994227621263	6.087763369316768	5.683121446523999
Cu	3.904285380965961	3.7892272804857234	4.18077719576075	4.007530930607853	5.172624727788788	6.4273070851074	6.0064935064935066	6.92481372770377	7.049958008942961	6.428765387400434	6.947847392369619	7.244984828971207	6.291591046581972	6.484074361800148	7.236867349679597	6.765058293234942	6.258135372600066	6.68780772761412	6.881833795296479	6.9235695182129815	6.737257133566377	7.55741207722959	7.510442773600669	8.153638814016173	7.829327130180063	7.389051078371467	8.225763158536884
Ni	3.7279962668187596	3.4332252322547605	3.2695821659154585	3.0343782092033837	4.480168342753677	4.609386212505382	4.773668360624883	5.624294423120343	5.023038336700184	5.292813178855901	4.86305565278264	6.055314225840956	4.529399137443163	4.906867084605517	4.944169448601358	5.310104794689895	4.812072892938497	4.942001168321789	5.225568384716105	5.141823934907899	5.59507357125437	5.8749927813817395	5.9335839598997495	5.980458221024259	5.694839321099336	5.791296082558219	6.168712330104195
Mo	3.3391232209058153	3.2771695398795444	3.2184188086246803	3.0539390679250817	3.357067704127823	3.9109218772425014	3.5526068134763786	3.504177015127569	3.0074675987924735	3.039011585807386	3.5636156807840393	3.320163279561678	2.333977323732022	2.518473017650991	2.231303480296228	1.8334315981665683	2.1070615034168565	2.0412250688475337	1.7038787899399732	2.124533845632275	1.9043167222177058	1.5630714739456004	2.1031746031746033	1.7772911051212938	1.5917118979925906	1.396338289542173	1.3201239598838486
Br	3.0876519845487773	3.0113871888030044	2.404677792666585	2.4646681989339334	2.85301818003866	3.090465483423432	3.0844155844155843	3.1903364190562202	3.0460539755316978	3.4508508327299054	3.4739236961848095	3.403112789504704	3.1106687742716077	3.647630575780022	3.194428456314032	3.5774738964225263	3.6161731207289294	4.125844947008261	4.575985852024419	4.307454702979621	4.834972766441753	4.808562243739051	4.845446950710109	5.611944070080862	4.863444473162747	5.150836218797384	5.236573046045728
Rh	2.9528426619656236	2.904098900295043	3.659398221464247	2.8730011247493765	3.643348259071668	3.7984978232789555	3.9784490871447393	3.420636712576202	4.178677622171278	3.609250543084721	3.5898669933496676	3.221933596734409	2.8901508498721773	3.13996133764521	2.8682705959095967	3.2142109967857895	3.010087862024081	2.767253609279813	2.504803849881817	2.9457189136248916	2.37785545890578	2.4331555949103927	2.7130325814536342	2.432193396226415	2.582493322994744	2.8945164867494966	2.5304409360435325
Sn	2.8154408524097168	2.3749725683353247	2.126933853088074	2.7580810797594015	2.476204458146762	2.442233172271923	2.430359495576887	2.212689094603748	2.0995528519871987	2.2289102099927587	2.2969898494924745	2.161053022199908	2.023691040727514	1.5031345413813662	2.0720617013928857	1.8885866981114132	2.473153270419785	2.8039722940832847	2.676552111143231	3.071910197009078	2.930656044224047	2.808523744441664	2.6670843776106934	2.737533692722372	2.1732575170155943	2.398895602779098	2.8623020424098975
W	2.797293443600446	2.8772768281680525	2.7433304909245946	3.1859748642965426	2.8040813330397123	3.1670095201645694	2.385657820440429	2.160758636261007	1.8998116076900378	2.409938450398262	2.3779313965698283	2.669664491061099	1.401166988661866	1.7578724864952755	1.4216645562334522	1.6546529983453468	1.3403026358607224	1.3302178085621297	1.2311459520125154	1.2487286699062041	1.4307779855296319	1.0914550809447727	0.7685881370091897	1.2339959568733154	1.2492461445679333	1.308077036232376	1.1566335618945365
Re	2.667669094962798	2.072614664358343	2.9772201242538676	2.2690596117169544	3.0561060950842935	3.013921446682294	2.769151138716356	2.5378189207496047	2.9121365503779195	2.5841781317885593	1.866030801540077	2.1042980943441534	1.8363483792908297	1.763292442774295	1.8226468669659646	1.8695676981304323	1.6331760494630654	1.654009847283652	1.6205553760606732	1.4803932647756808	1.7661165758881392	1.6477699281988105	1.351294903926483	1.8425707547169812	1.6714051865253727	1.7674881752551657	1.7007881701276202
I	2.584709511834703	2.0140937797176366	2.1561700572542333	2.058780380458702	2.3245002324500232	2.3991771516050324	2.4256540560888387	2.305260781214721	2.203963047869805	2.0614590876176684	2.4785614280714037	2.126126912750213	1.7797552836484982	2.1842423804447977	2.139211849123211	2.356454097643546	2.3917995444191344	2.3950596678628058	2.2514326525753736	2.565261611481523	2.4794732135598734	2.5332537681187315	2.556390977443609	2.6027628032345014	2.9012664771258723	3.0076719397107747	2.935506698226007
Mn	2.4524926762243022	2.448123674136207	1.9490802777439395	1.7286908895300503	2.5202476204458146	2.564225230828111	1.8092414831545267	2.452020772183337	2.5126540617835986	2.7538921071687184	2.2773013650682534	2.7700770557289736	2.2305485627305193	2.2637350725370817	2.5229269790107827	2.9422392970577604	2.058249267816466	1.7207710923808728	1.916438519223902	2.1358345575771276	1.8839931712868871	2.1174613563302467	2.280701754385965	2.48904986522911	1.8717153441888517	2.2608459501663387	2.1839388985139454
Cr	2.1336167785756874	2.104313476872059	2.2000243635034717	2.0318841997163677	1.9550270376079668	2.4111371573458356	2.2656691134952003	2.142695868141793	1.7772431168713256	1.9618935553946417	1.7763388169408472	2.17633319508415	1.7290166461760632	1.4164152409170567	1.6979394497525038	1.4093078985906922	1.389114871461113	1.2067095051322707	1.1240158484534155	1.1244208385128263	1.0873099747987969	1.0298562051242566	1.3304093567251463	1.2339959568733154	1.1286292754372362	0.8961911874533234	0.8784558697933188
Ti	2.045472221502087	2.021408890297725	2.2682421732245097	2.3741992273460806	2.165455479703443	2.0332009759364684	1.9104084321475625	2.3955746218107925	2.242549424609029	2.5841781317885593	2.82201610080504	2.453559188841108	1.9417286263489646	1.924084479051869	1.7132880549480065	1.5785769984214229	1.3952164009111616	1.1649837269465075	1.2022378288299012	1.2242437940256903	1.099504105357288	1.3186009355329265	1.4870509607351712	1.3224393530997305	1.5077108641337125	0.7875619526104963	0.8564944730484858
Os	2.0039924299380396	1.7751335007680866	2.5971494700938	1.934079906107878	2.483544985196604	1.8322728794909822	1.6633728590250327	1.533077444118311	1.7295775926640489	1.6066256335988416	1.6057052852642633	1.8925585558053744	1.0381905821282906	0.9376524362703473	1.2144583860941636	1.1962950988037049	0.6711682395053694	0.8211633146958192	0.7380073800738007	0.6027046370588014	1.18892772945289	0.5640147067316021	0.6578947368421052	0.6233153638814016	0.6827776341862669	0.7852988435512708	0.8101315243649496
Zn	1.7577061675265082	1.589817366072517	1.776099403094165	1.9291896914274538	2.4933323545963932	3.25551356264651	3.4161490683229814	3.3258071799503277	3.3706334975145835	3.722393193338161	3.953010150507525	3.8222261029010505	3.8951661690377217	4.229372549728099	4.7120217950193775	4.676772095323227	4.665636186137325	4.586497538179088	5.108235414151376	5.162541906806795	5.217055523941143	4.798937419392097	4.490392648287385	4.72961590296496	4.986215214956491	4.388168465838368	4.846148215026476
Ir	1.7369662717444845	1.7726951305747238	1.61286392983311	1.868062007922148	1.967261249357704	1.7461608381572025	2.40918501788067	2.0388349514563107	2.5398915041877568	2.6882693700217235	2.88983199159958	2.5015825893344394	2.585719025037566	2.5202796697439975	3.083151068646637	3.0677646969322354	3.5246501789781974	3.8270883751981977	3.6492254323464897	4.2170490074208	4.5097959515486545	4.897110627731044	4.335839598997493	4.626431940700808	4.305591453433273	4.218435286396451	3.9725726556208976
Au	1.2573561817851864	1.5556801833654386	1.0817395541478865	0.863122891094919	1.406934351219751	1.2103525809692388	1.0540184453227932	1.8514337322194627	1.8476065097487344	2.034304851556843	2.0082254112705633	1.5913208618017507	1.6353453154577209	2.0469368213763075	2.5440313111545985	2.3944920976055077	2.290107386918321	2.810648418593007	2.8142908157192172	2.5313594756469655	2.894073652548573	3.1376927371075474	2.8404344193817876	3.1881738544474394	3.820970104247437	3.3018761174100977	3.7871208608867524
Li	1.2521712078396805	1.0923898466265147	0.9745401388719698	1.1320846985182649	1.208740120874012	1.1792565660431515	1.1622435535479014	0.9528110182885527	1.091767483033343	1.1947863866763215	0.9516100805040253	0.9953941193163214	0.9601311398630057	0.9159726111542701	1.0782395149840758	0.9813803990186196	1.1775951838594207	1.315196528415255	1.0644991242539152	0.9775115832297435	0.920656857166084	1.2781766732757127	1.1779448621553885	1.082378706199461	1.621866115275265	1.260551745988639	0.9516605256094287
Al	1.1769890856298446	1.1679793226207602	1.5275916676818126	1.70668492346814	2.0993907362548634	2.0212409701956657	1.9739318652362132	1.639196206818695	1.731847379531062	1.805756698044895	1.9907245362268111	1.9558621291829472	1.4733719727572547	1.553720799985547	1.8437511991097808	1.7098080982901918	1.5986007159127888	1.4820996411583076	1.6035505977179585	1.6442535879760425	1.3901308836679944	1.6766444012396773	2.0509607351712615	2.0826314016172507	2.319720858102869	2.459999547378188	2.2839852614626293
V	1.101806963420009	0.9387725244446612	0.7601413083201365	0.9535918626827717	1.20139959382417	1.0931445247093718	1.1881234707321664	1.3389026868367577	1.150781941575686	1.1087979724837076	1.6013300665033252	1.2704372312326735	1.4070214468317623	1.0876045599898827	1.0839952419323893	1.0764753989235245	1.1226814188089815	0.9830593340565802	1.1716292278130154	0.8682713677628358	0.7844890659295993	0.906658453483224	1.0254803675856308	1.0213106469002695	0.9261652451107092	0.9414533686378346	0.9516605256094287
Hg	0.8451507531174655	0.6900587647216601	0.6675599951272994	0.467015501980537	0.7805427096332184	0.7463043582260919	0.5152456239412762	0.7450891849175886	0.6105726672265473	0.5227190441708907	0.5469023451172559	0.5042457051799786	0.4000546416095857	0.46430958790265764	0.4662138828133993	0.4716711995283288	0.5471038073543768	0.48568805808228327	0.44042375907630044	0.6968772365992391	0.4389887001056825	0.4292671658742228	0.36549707602339176	0.38536051212938005	0.49539071250107697	0.3711498857129925	0.3806642102437715
Na	0.7958935006351593	0.6949355051083855	0.6334510902667804	0.7604283828060052	0.8930974577307984	0.7654403674113763	0.8210991906644081	0.8489501016030706	1.1575913021767257	0.9798153511947865	0.7831641582079104	0.7858374626181485	0.9035380442206741	0.7624071832487218	0.8671961935459115	0.9604594990395405	0.8216726326065734	0.9697070850371359	0.8978522964953152	0.9699777752665084	1.1340541419396797	0.9605574698261756	1.0797827903091062	0.8465296495956873	1.1307831481002844	1.158711838323489	1.1810351138332398
Se	0.7725611178803826	0.8192923849698861	0.6602509440857596	0.7188615580223972	0.9493748317795885	1.1936085729321149	0.8093355919442876	0.8715285617520885	0.9306126154754069	0.8146270818247647	1.0653657682884143	0.8054833991836022	0.7610795620865289	0.7714404437137541	1.0168450942020644	0.9376366990623632	0.8460787504067686	0.8311775014604021	0.8298331831244579	0.8117678080385731	0.7031948622063247	0.7699859477564535	0.9774436090225564	0.9075977088948787	0.8033945033169639	0.597460791635549	0.9907030087113541
Ga	0.6481217431882405	0.699812245495111	0.7698867097088561	0.7457577387647318	0.7780958672832708	0.703248337559202	0.639939770374553	0.803793181305035	0.5878747985564156	0.7060101375814627	0.8094154707735387	0.820763572067844	0.8313330601252854	0.5618688009250058	0.7117915659414451	0.6124117993875882	0.6020175724048161	0.5224067428857548	0.4931385719387148	0.6045880890496101	0.7479066742541257	0.7237867908910662	0.6516290726817042	0.7601920485175202	0.6009304729904368	1.1790798198565189	0.819892145140431
As	0.6455292562154875	0.46329033673892367	0.4141795590205871	0.3545405643307741	0.5529863710881108	0.4520882170023442	0.6752305665349144	0.4244750508015353	0.39040334112626823	0.6132331643736423	0.5665908295414771	0.41474754971513395	0.48396854204476714	0.3920435041823995	0.3453436168988143	0.3100096996899903	0.3254149040026033	0.3037636651923558	0.2618735864778003	0.21283007496138923	0.32720916998618	0.31184430884136366	0.3738512949039265	0.35798517520215634	0.2692340828810201	0.5861452463394211	0.4782704179985847
Ta	0.617011899515205	0.5364414425398064	0.7162870020708978	0.5966061910117855	0.6337321686363748	0.5525522652250873	0.5764163372859025	0.5283359674870174	0.33819824318496494	0.4344677769732078	0.6015925796289815	0.3972844949902862	0.44493882091212456	0.2764177702299868	0.36261079774375504	0.4621616995378383	0.2542303937520338	0.2119669531836769	0.25677215297498596	0.22601423889705052	0.17478253800504023	0.2194459951105892	0.12322472848788639	0.18952156334231807	0.1141552511415525	0.17878561567881956	0.11956760449964618
K	0.5003499857413216	0.49986588963936507	0.611523937142161	0.49635679006308375	0.7071374391347965	0.703248337559202	0.7528703180877094	0.6909008805599458	0.6695871257688903	0.8078385228095583	0.7678508925446272	0.9910283556351094	0.6869230919345082	0.6738812306914058	0.9496949464717395	0.9338328990661671	0.9538724373576309	1.0131018943503296	1.050895301579744	1.1602064263381926	1.127957076660434	1.2858765327532773	1.5747702589807855	1.6256738544474392	1.7101748944602395	2.3581596397130378	1.7983943778824334
Y	0.4873875508775568	0.44134500499865886	0.5043245218662444	0.3056384175265294	0.5334116322885316	0.4233842032244176	0.6681724073028421	0.5170467374125085	0.4085616360623738	0.39599927588703837	0.5337766888344417	0.6439501429787606	0.6596022871416584	0.44082311069357377	0.69836153639538	0.5629623994370376	0.585746827204686	0.6392389218058916	0.4914380941044434	0.581986665159905	0.5345093894805301	0.5062657606498681	0.5158730158730158	0.5053908355795148	0.4889290945119325	0.5612510466879399	0.5417144530392133
Ag	0.47701760298654494	0.6583599522079442	0.6553782433913997	0.4792410386815982	1.0178864175781155	0.9878964741903076	1.38575192923019	0.9257168661097314	1.282429579862451	1.6247284576393917	1.4810115505775288	1.5891379799611447	1.2196787853950783	1.2574298567324889	1.0839952419323893	1.2970957987029041	1.0901399284087212	1.5488608862555286	1.2838607648749298	1.4163558970881833	1.6136899439069996	1.728618452713238	1.445279866332498	1.4529986522911051	1.7834065650038768	1.781066829610519	1.515336375393475
In	0.45887019417727426	0.3169881251371583	0.37276160311852846	0.3447601349699252	0.31808950549316106	0.3540161699277616	0.4564276303406738	0.34996613230977647	0.3041514401797671	0.35526792179580013	0.39376968848442423	0.3754556765842265	0.2146634662295338	0.35049050604325127	0.3184835578066843	0.2358355997641644	0.2298242759518386	0.23533338896770425	0.20745829578111447	0.28628470260293065	0.22762377042516868	0.28874473040867005	0.2527151211361738	0.42958221024258764	0.29723442750064616	0.2964672867585489	0.23181474341768138
Cd	0.42776035050423866	0.2950427933968935	0.3386526982580095	0.3863269597535332	0.5676674251877951	0.4640482227431469	0.5811217767739507	0.6231655001128923	0.544748848083165	0.5928674873280232	0.6256562828141408	0.6221213245727009	0.48396854204476714	0.6305215804592509	0.7386516250335751	0.5572566994427433	0.5674422388545396	0.5190686806308938	0.6869930450456578	0.5782197611782876	0.6869360214616699	0.5081907255192593	0.5639097744360901	0.4253706199460917	0.5169294391315585	0.5793559191617444	0.5465947634269539
Nb	0.412205428667721	0.6534832118212187	0.579851382628822	0.7457577387647318	0.8319263989821135	1.1577285557097068	0.4211368341803124	0.397380898622714	0.254216129105477	0.4344677769732078	0.374081204060203	0.38418720394665035	0.5015319165544563	0.41191667720547054	0.4431909750201451	0.42412369957587637	0.16270745200130166	0.19360761078194108	0.27037597564915744	0.2090631709797717	0.35566214128932605	0.20789620589424246	0.19632414369256473	0.1768867924528302	0.21107952097871976	0.14257587073121053	0.2025328810912374
Sb	0.39405801985845024	0.34868693765087416	0.3898160555487879	0.5281431854858428	0.8196921872323767	0.6123522939291011	0.7034632034632035	0.6976744186046512	0.5265905531470595	0.724112961622013	0.7634756737836892	0.5806465696011875	0.48396854204476714	0.4191432855774963	0.5429569087909136	0.627626999372373	0.42914090465343313	0.6459150463156138	0.6988963898855578	0.5085320375183636	0.8292008779774003	0.5120406552580415	0.722639933166249	0.5432951482479784	0.7990867579908676	0.8215085884988798	0.7784095068446353
Tc	0.3188758976486143	0.07558947599424545	0.11694481666463638	0.05868257616509365	0.06117105874868482	0.10046404822274314	0.08469791078486731	0.10160307067058026	0.108949769616633	0.24212527154236063	0.09844242212110606	0.10696121018969243	0.07610795620865289	0.06865277953424509	0.08825447987414144	0.0836835999163164	0.10372600065082982	0.17691729950763582	0.13603822674171442	0.12995818736580403	0.19713844402894073	0.21174613563302472	0.14828738512949038	0.12003032345013478	0.1378478504350823	0.24215266933713536	0.21717381225445936
Sm	0.30591346278484954	0.3243032357172466	0.47508831770008525	0.48902146804244706	0.6337321686363748	0.420992202076257	0.32938076416337286	0.39963874463761573	0.35635653812107043	0.40957639391745115	0.2318865943297165	0.37763855842483246	0.2614991315887048	0.3143574641831222	0.335750738651625	0.3252248996747751	0.25219655060201757	0.25536176249687054	0.2482697638036288	0.30323577052020945	0.32924152507926185	0.31184430884136366	0.3404344193817878	0.292705525606469	0.3596967347290428	0.2579944327517143	0.605158488079842
Nd	0.2825810800300729	0.16824754334203018	0.2533804361067121	0.27385202210377035	0.39149477599158283	0.27986413433478446	0.3223226049313006	0.34093474825016934	0.4176407835304265	0.2805937726285301	0.35220511025551277	0.412564667874528	0.2712565618718654	0.341457245578219	0.32423928475499786	0.2358355997641644	0.3376179629027009	0.24367854460485686	0.20235686227830021	0.24484875880513807	0.28656206812454277	0.26564515197597643	0.3258145363408521	0.3011287061994609	0.3704660980442836	0.3213614864100301	0.4197066933456968
Ge	0.27739610608456694	0.19506961546902052	0.2753075892313315	0.2640715927429214	0.2985147666935819	0.32531215614983494	0.21409749670619235	0.39286520659291035	0.23151826043534512	0.30774800868935553	0.3150157507875394	0.24011700246665652	0.20490603594637313	0.29809759534606417	0.21296189708760216	0.3176172996823827	0.5287992190042304	0.27372110489860635	0.2788783648205146	0.2504991147775643	0.45524754085033736	0.4138674469190937	0.3529657477025898	0.5475067385444744	0.29938830016369433	0.37341299477221807	0.3831043654376418
La	0.2644336712208021	0.299919533783619	0.3094164940918504	0.2714069147635581	0.4012821453913724	0.2894321389274267	0.32938076416337286	0.39286520659291035	0.4766552420727693	0.44351918899348297	0.4790864543227162	0.4409421318024055	0.4293269324590676	0.2944842911600513	0.4259237941752043	0.4279274995720725	0.30100878620240806	0.29208044730034216	0.2788783648205146	0.3465551663088108	0.3007885537761158	0.3253190629271016	0.3717627401837928	0.3137634770889488	0.523391057120703	0.33946635888383464	0.4245870037334375
U	0.2333238275477666	0.23652190875618737	0.2290169326349129	0.37165631571225977	0.3694731948420563	0.3085681481127111	0.5058347449651797	0.5193045834274103	0.7081735025081145	0.4684105720492397	0.6365943297164859	0.5129772325424025	0.731807271237047	0.794926920922838	0.8863819500402902	0.8387378991612621	0.5755776114546046	0.7994659100392222	0.865543217644158	0.5763363091874788	0.8312332330704821	0.7661360180176712	0.9335839598997494	0.6970181940700809	0.8421642112518307	0.9075067327494512	0.9711817671603914
Pb	0.22036139268400176	0.27797420204335427	0.19247167742721402	0.2567362707222847	0.3254300325430033	0.16983208151939913	0.4117259552042161	0.5486565816211334	0.21109017863222643	0.31227371469949317	0.31064053202660136	0.3972844949902862	0.37078235076010385	0.29809759534606417	0.30313495261118145	0.36516479963483517	0.2318581191018549	0.26036885587916214	0.23806689679800025	0.19587900704411046	0.18697666856353143	0.13474754085737936	0.15664160401002505	0.2590128032345014	0.21107952097871976	0.21273225156720305	0.4245870037334375
Mg	0.2177689057112488	0.20482309624247153	0.20708977951029356	0.12959068903124846	0.36457951014216156	0.32531215614983494	0.2893845285149633	0.4447956649356514	0.28599314524366165	0.5000905141202028	0.3412670633531677	0.2641287027133221	0.2283238686259587	0.45708297953063176	0.6120256321706765	0.6333326993666673	0.5552391799544418	0.5941750813652674	0.5645586409781148	0.8626210117904095	0.9165921469799203	0.6968372827195903	0.7247284878863826	1.0360512129380055	0.6224691996209184	0.7332473351890828	0.7222859373856177
Hf	0.2177689057112488	0.39745434151812925	0.38007065416006824	0.24940094870164797	0.23000318089505495	0.1961440941491652	0.19527573875399962	0.3070670580266426	0.36770547245613633	0.529507603186097	0.32814140707035355	0.3710899129030146	0.6322814823488087	0.3522971581362577	0.2609262883235486	0.2757754997242245	0.21965506020175724	0.3321371943586748	0.20065638444402878	0.12430783139337777	0.22965612551825057	0.2194459951105892	0.21512113617376777	0.21900269541778977	0.16154044972861203	0.16747007038269174	0.13664869085673848
Te	0.19702900992922512	0.38770086074467824	0.18516262638567427	0.29341288082546824	0.30585529374342413	0.3492321676314405	0.27056277056277056	0.2799729058478212	0.2746442109085957	0.1878167994207096	0.22094854742737138	0.2946890484818057	0.2907714224381867	0.2547379451139094	0.19953186754153715	0.1084082998915917	0.17897819720143182	0.2019527664190937	0.21936164062101451	0.27498399065807816	0.13007072595723926	0.1366725057267705	0.22765246449456975	0.17899258760107817	0.13354010510898595	0.07468259895444362	0.2562162953563847
Gd	0.19443652295647212	0.16337080295530468	0.2168351808990133	0.23228519732016234	0.31808950549316106	0.2392001148160551	0.27526821005081875	0.34996613230977647	0.326849308849899	0.24212527154236063	0.46596079803990204	0.2815917574381699	0.3161407411744043	0.3035175516250836	0.389470856835885	0.38988949961011055	0.40676863000325414	0.5374280230326296	0.4370228034077576	0.521716201454025	0.506056418177384	0.5062657606498681	0.5221386800334169	0.5685646900269542	0.6655466528818816	0.58161902822097	0.5758766257533978
Yb	0.17110414020169548	0.1731242837287557	0.23632598367645266	0.33008949092865175	0.41351635714110935	0.3875041860020093	0.5270092226613966	0.501241815308196	0.5470186349501782	0.40957639391745115	0.48346167308365423	0.6002925061666412	0.3434615459672541	0.43720980650756086	0.37987797858869576	0.3290286996709713	0.4230393752033843	0.4790119335725611	0.3315931776829289	0.4124759859871172	0.32924152507926185	0.41194248204970263	0.4469507101086049	0.4464285714285714	0.38554320668562075	0.4164120668975038	0.5539152290085649
Bi	0.17110414020169548	0.1609324327619419	0.19247167742721402	0.28607755880483154	0.3474516136925298	0.15069607233411472	0.2587991718426501	0.25513659968390157	0.32003994824885945	0.22175959449674149	0.15094504725236263	0.24666564798847437	0.18148820326678766	0.341457245578219	0.23406622923141857	0.3366362996633637	0.31321184510250566	0.3388133188683969	0.35539986736272894	0.38045730214336837	0.34956507601008047	0.35226857109857745	0.3362573099415205	0.39799528301886794	0.6332385629361592	0.6155656641093534	1.0980698372416486
Eu	0.14517927047416587	0.21213820682255982	0.26312583749543184	0.29341288082546824	0.4502189923903203	0.3324881595943166	0.4399585921325052	0.4380221268909461	0.41310120979640014	0.4616220130340333	0.553465173258663	0.5064285870205846	0.5991062193860625	0.5690954092970317	0.5256897279459729	0.6314307993685692	0.6528636511552229	0.5891679879829759	0.6529834883602292	0.7194786604889442	0.682871311275506	0.7314866503686308	0.6808688387635756	0.6359501347708895	0.8873955371758422	0.6947744811822482	0.827212610722042
Ba	0.1425867835014129	0.10728828850796127	0.07065416006821781	0.07824343488679153	0.04159631994910568	0.08611204133377984	0.07058159232072275	0.05418830435764281	0.06809360601039563	0.11314265025343954	0.024063703185159258	0.04802340049333129	0.044884179302538886	0.06142617116221929	0.06906872337976287	0.0665664999334335	0.07321835340058575	0.06509221396979054	0.06291767986804292	0.060270463705880135	0.044711812047800996	0.09817320833894781	0.13993316624895574	0.10107816711590296	0.07969328853278194	0.07468259895444362	0.08784558697933188
Cs	0.134809322583154	0.10728828850796127	0.08770861249847728	0.12225536701061177	0.07585211284836918	0.16504807922307801	0.08940335027291549	0.08805599458116956	0.1634246544249495	0.11766835626357713	0.185946797339867	0.11350985571151034	0.09367133071834201	0.11020577767339344	0.1036030850696443	0.09319309990680691	0.1179629027009437	0.09680380539097054	0.07142006903940007	0.0696877236599239	0.09755304446792944	0.09817320833894781	0.1294903926482874	0.08633760107816711	0.10123201516326354	0.176522506619594	0.24645567458090337
Ce	0.12703186166489513	0.06339762502743167	0.129126568400536	0.16871240647464422	0.19574738799579142	0.12916806200066977	0.18586485977790326	0.198690449311357	0.25648591597249015	0.2896451846488052	0.2865768288414421	0.20955665669817294	0.21076049411626954	0.22763816371881265	0.23022907793254285	0.2966963997033036	0.16067360885128537	0.2954185095552032	0.2652745421463431	0.2787508946396956	0.26420616210064224	0.3907678684864001	0.2548036758563074	0.34535040431266845	0.26061859222882744	0.3598343404168647	0.33674141675410557
Rb	0.11925440074663624	0.09021969715442198	0.04141795590205872	0.012225536701061178	0.048936846998947854	0.01913600918528441	0.03999623564840956	0.040641228268232105	0.04312595047325056	0.03394279507603186	0.039376968848442426	0.11132697387090437	0.019514860566321252	0.05961951906921284	0.04796439123594643	0.049449399950550595	0.03254149040026033	0.02837352916631895	0.022106211845528592	0.03578558782536633	0.04674416714088286	0.044274191995996075	0.06892230576441102	0.042115902964959574	0.06461617989144482	0.05884083553986466	0.10004636294868353
Lu	0.11406942680113033	0.17068591353539295	0.14130832013643563	0.17849283583549316	0.21042844209547576	0.18179208726020188	0.21880293619424054	0.26868367577331226	0.2247088998343056	0.1878167994207096	0.2515750787539377	0.2597629390321102	0.2693050758152333	0.20234503441672239	0.2513334100763593	0.2453450997546549	0.20135047185161078	0.28540432279062006	0.18705256176985732	0.2674501826948431	0.16868547272579465	0.2406206086738917	0.1733500417710944	0.23795485175202155	0.295080554837598	0.4164120668975038	0.2562162953563847
Sr	0.10629196588287143	0.0390139230938041	0.07552686076257766	0.083133649567216	0.04159631994910568	0.01913600918528441	0.016469038208168644	0.04967261232783925	0.040856163606237374	0.013577118030412744	0.019688484424221213	0.034926109449695486	0.04293269324590676	0.06323282325522574	0.06139442078201143	0.0684683999315316	0.08542141230068337	0.12183927230242843	0.04591290152532862	0.09417259954043772	0.05080887732704659	0.08854838399199215	0.10651629072681705	0.15161725067385445	0.10769363315240803	0.10862923484282708	0.12444791488738685
Tl	0.10629196588287143	0.18043939430884395	0.1510537215251553	0.09291407892806494	0.14436369864689616	0.22963211022341293	0.27526821005081875	0.16482275908783023	0.14980593322287036	0.1244569152787835	0.15094504725236263	0.1309729104363581	0.09171984466170989	0.11743238604541924	0.14581174935727714	0.0855854999144145	0.07728603970061829	0.07343736960694316	0.08672436954784295	0.07345462764154143	0.04877652223396472	0.1097229975552946	0.0647451963241437	0.061068059299191374	0.049539071250107695	0.02715730871070677	0.03416217271418462
Ho	0.10369947891011849	0.10972665870132403	0.09989036423437692	0.18827326519634213	0.12968264454721182	0.12916806200066977	0.11998870694522867	0.11966583878979453	0.11802891708468574	0.08146270818247647	0.1028176408820441	0.08949815546484469	0.12294362156782389	0.07407273581326444	0.094010206822455	0.12932919987067082	0.09559062805076472	0.12684636568472002	0.12073392623327155	0.17139413116359664	0.12803837086415737	0.19057152206972222	0.15246449456975772	0.15372304582210242	0.17230981304385284	0.16973317944191732	0.1537297772138308
Dy	0.10110699193736553	0.19263124527565775	0.06578145937385796	0.1515966550931586	0.19330054564584404	0.1770080849638808	0.15998494259363824	0.1512756829984195	0.14299657262183083	0.18329109341057204	0.19250962548127407	0.16808190172665954	0.1541673984739379	0.17163194883561272	0.22255477533479145	0.2643640997356359	0.2989749430523918	0.38888425269131266	0.3417960446885575	0.5405507213621125	0.564994715876758	0.6968372827195903	0.7832080200501252	0.7328167115902965	0.8486258292409753	0.8599814425057143	0.9467802152216881
Sc	0.10110699193736553	0.01950696154690205	0.16079912291387502	0.19805369455719105	0.11744843279747487	0.1363440654451514	0.27526821005081875	0.1941747572815534	0.22243911296729238	0.2670166545981173	0.3325166258312916	0.32961515793150115	0.3298011435708292	0.1987317302307095	0.3645293733931929	0.3252248996747751	0.20948584445167587	0.23199532671284318	0.17004778342714302	0.1318416393566128	0.1890090236566133	0.2983695547556257	0.2882205513784461	0.2695417789757413	0.2735418282071164	0.22857401498178198	0.2196139674483297
Ca	0.09332953101910663	0.09265806734778474	0.07309051041539773	0.14181622573230965	0.058724216398737435	0.0837200401856193	0.06822887257669866	0.10160307067058026	0.11121955648364619	0.07014844315713252	0.09187959397969898	0.13533867411757	0.20100306383310892	0.16801864464959984	0.147730325006715	0.3461457996538542	0.2623657663520989	0.23700242009513478	0.17174826126141446	0.1864617470900667	0.20526786440126818	0.302219484494408	0.27360066833751046	0.3200808625336927	0.3381580080985612	0.2693099780478421	0.302579244039921
Pr	0.08036709615534182	0.1511789519884909	0.08770861249847728	0.09780429360848943	0.18840686094594924	0.14830407118595418	0.1458686241294937	0.16708060510273198	0.17477358876001545	0.1244569152787835	0.17500875043752187	0.16808190172665954	0.12879807973772026	0.10117251720836119	0.13813744675952574	0.1217215998782784	0.10982753010087862	0.12350830342985897	0.12073392623327155	0.12242437940256903	0.12397366067799366	0.12704768137981481	0.1984126984126984	0.10950134770889489	0.12707848711984146	0.07920881707289475	0.14152900124447915
Er	0.07258963523708294	0.10728828850796127	0.09501766354001706	0.2396205193407991	0.16393843744647532	0.19136009185284408	0.24703557312252966	0.13321291487920522	0.2769139977756089	0.23081100651701664	0.2450122506125306	0.1986422474951431	0.19319711960658043	0.17163194883561272	0.26860059092130006	0.2225222997774777	0.17084282460136674	0.1685721438704832	0.2142602071182002	0.22978114287866802	0.22965612551825057	0.25987025736780306	0.28195488721804507	0.2632243935309973	0.27138795554406825	0.23536334215945864	0.2415753641931627
Tb	0.067404661291577	0.11216502889468678	0.129126568400536	0.16137708445400753	0.18106633389610707	0.117208056259867	0.1976284584980237	0.25287875366899976	0.254216129105477	0.19686821144098476	0.2450122506125306	0.3056034576848355	0.2771110200417618	0.26919116185796105	0.2609262883235486	0.3328324996671675	0.3355841197526847	0.4439622798965201	0.3468974781913718	0.48969751761027613	0.4674416714088286	0.5158905849968238	0.5889724310776943	0.45906334231805934	0.656931162229689	0.45035870278588724	0.4563090212537518
Th	0.062219687346071084	0.09021969715442198	0.04872700694359849	0.10024940094870165	0.048936846998947854	0.0837200401856193	0.007058159232072275	0.11289230074508919	0.12937785141975167	0.06562273714699493	0.06344067203360168	0.12005850123332826	0.09757430283160627	0.11381908185940633	0.09976593377076858	0.1198196998801803	0.10779368695086236	0.1251773345572895	0.1394391824102573	0.20717971898896298	0.22355906023900496	0.2232959248493715	0.22765246449456975	0.2653301886792453	0.09907814250021539	0.22404779686333084	0.23181474341768138
Be	0.057034713400565165	0.19263124527565775	0.07309051041539773	0.017115751381485647	0.019574738799579144	0.06697603214849544	0.09646150950498776	0.24384736960939266	0.12029870395169892	0.15387400434467777	0.30189009450472526	0.22265394774180874	0.13660402396424878	0.07407273581326444	0.1036030850696443	0.0874873999125126	0.02643996095021152	0.0250354669114579	0.05271481286241434	0.02636832787132256	0.016258840744654907	0.026949508171475872	0.07518796992481204	0.19162735849056603	0.16154044972861203	0.15389141602733836	0.024401551938703303
Kr	0.04666476550955331	0.0024383701933627564	0.004872700694359849	0.019560858721697882	0.03670263524921089	0.009568004592642204	0.007058159232072275	0.03160984420862497	0.08398211407948794	0.02036567704561912	0.08969198459922996	0.034926109449695486		0.0072266083720258	0.007674302597751429	0.038037999961962				0.0018834519908087542							
Tm	0.0337023306457885	0.0390139230938041	0.05847240833231819	0.1026945082889139	0.08563948224815875	0.10046404822274314	0.1176359872012046	0.08805599458116956	0.06809360601039563	0.13124547429398986	0.08094154707735388	0.12442426491454017	0.056593095642331635	0.07226608372025799	0.03837151298875715	0.1179177998820822	0.042710706150341685	0.04339480931319369	0.05781624636522863	0.07533807963235017	0.0833265588163564	0.09817320833894781	0.06265664160401002	0.06738544474393532	0.09692426983716723	0.07468259895444362	0.08296527659159122
Ar	0.010369947891011849	0.01463022116017654		0.004890214680424471		0.011960005740802755	0.01176359872012046	0.03160984420862497	0.05901445854234287	0.03846850108616944	0.01750087504375219	0.03274322760908952	0.03317526296274613	0.0144532167440516	0.023022907793254287	0.036136099963863896	0.0020338431500162707										
Xe	0.0077774609182588855	0.004876740386725513			0.02691526584942132		0.007058159232072275	0.013547076089410703	0.011348934335065937		0.01750087504375219	0.015280172884241775	0.0019514860566321253	0.0036133041860129										0.0021057951482479787			
Np	0.0077774609182588855	0.009753480773451026	0.009745401388719698	0.004890214680424471		0.011960005740802755	0.03999623564840956	0.009031384059607135	0.013618721202079125	0.029417089065894284	0.010938046902345117	0.03274322760908952	0.025369318736217634	0.0397463460461419	0.019185756494378575	0.0095094999904905	0.02847380410022779	0.0016690311274305265	0.0017004778342714305	0.01318416393566128	0.016258840744654907	0.02502454330208474	0.03968253968253968	0.04422169811320755	0.030154217282674246	0.0633670536583158	0.04148263829579561
Pa	0.002592486972752962	0.009753480773451026		0.0024451073402122353										0.00180665209300645	0.009592878247189287	0.0057056999942942995											
Ac											0.0021876093804690236		0.0019514860566321253	0.00180665209300645		0.0019018999980981							0.0020885547201336674	0.0021057951482479787			0.0024401551938703302
Am		0.009753480773451026		0.0024451073402122353	0.002446842349947393	0.002392001148160551	0.01176359872012046	0.002257846014901784	0.006809360601039562	0.0022628530050687904	0.008750437521876094		0.0039029721132642506	0.005419956279019349	0.011511453896627144	0.032332299967667705	0.0020338431500162707	0.0016690311274305265		0.015067615926470034	0.0020323550930818634	0.007699859477564535	0.012531328320802004	0.018952156334231807	0.008615490652192644	0.018104872473804514	0.012200775969351652
At					0.002446842349947393					0.0022628530050687904				0.00180665209300645							0.0020323550930818634		0.03341687552213868		0.002153872663048161		
Bk																					0.0020323550930818634	0.0019249648693911337		0.004211590296495957			
Cf																						0.0019249648693911337	0.006265664160401002	0.006317385444743935	0.002153872663048161		
Cm							0.009410878976096368		0.013618721202079125	0.004525706010137581	0.0021876093804690236		0.011708916339792751	0.05600621488319994	0.0038371512988757146		0.006101529450048812			0.0037669039816175085		0.0038499297387822673	0.006265664160401002	0.004211590296495957	0.008615490652192644		
Fr												0.0065486455218179045	0.0019514860566321253														
He			0.004872700694359849					0.024836306163919623	0.0022697868670131876			0.015280172884241775	0.0039029721132642506														
Lr											0.0021876093804690236																
Ne				0.0024451073402122353			0.004705439488048184	0.020320614134116052	0.02496765553714506	0.0022628530050687904		0.015280172884241775	0.0039029721132642506			0.0038037999961962										0.0022631090592255643	
Pm					0.009787369399789572	0.002392001148160551	0.025879917184265012	0.015804922104312485			0.0021876093804690236			0.00180665209300645		0.011411399988588599								0.0021057951482479787	0.002153872663048161		
Po						0.002392001148160551				0.011314265025343953				0.00180665209300645													
Pu		0.009753480773451026	0.014618102083079548	0.007335322020636706	0.02691526584942132		0.030585356672313192	0.004515692029803568	0.0181582949361055	0.004525706010137581	0.008750437521876094	0.03710899129030146	0.08586538649181352	0.009033260465032248	0.03261578604044357	0.0076075999923924	0.020338431500162707	0.00500709338229158	0.006801911337085722	0.0037669039816175085	0.022355906023900498	0.023099578432693602	0.01670843776106934	0.01474056603773585	0.049539071250107695	0.018104872473804514	0.01464093116322198
Ra													0.0019514860566321253													0.0022631090592255643	
